song1,artist1
song2,artist2
song3,artist3
song4,artist4
song5,artist5
song6,artist6
song7,artist7
song8,artist8
song9,artist9
song10,artist10
song11,artist11
song12,artist12
song13,artist13
song14,artist14
song15,artist15
song16,artist16
song17,artist17
song18,artist18
song19,artist19
song20,artist20
song21,artist21
song22,artist22
song23,artist23
song24,artist24
song25,artist25
song26,artist26
song27,artist27
song28,artist28
song29,artist29
song30,artist30
song31,artist31
song32,artist32
song33,artist33
song34,artist34
song35,artist35
song36,artist36
song37,artist37
song38,artist38
song39,artist39
song40,artist40
song41,artist41
song42,artist42
song43,artist43
song44,artist44
song45,artist45
song46,artist46
song47,artist47
song48,artist48
song49,artist49
song50,artist50
song51,artist51
song52,artist52
song53,artist53
song54,artist54
song55,artist55
song56,artist56
song57,artist57
song58,artist58
song59,artist59
song60,artist60
song61,artist61
song62,artist62
song63,artist63
song64,artist64
song65,artist65
song66,artist66
song67,artist67
song68,artist68
song69,artist69
song70,artist70
song71,artist71
song72,artist72
song73,artist73
song74,artist74
song75,artist75
song76,artist76
song77,artist77
song78,artist78
song79,artist79
song80,artist80
song81,artist81
song82,artist82
song83,artist83
song84,artist84
song85,artist85
song86,artist86
song87,artist87
song88,artist88
song89,artist89
song90,artist90
song91,artist91
song92,artist92
song93,artist93
song94,artist94
song95,artist95
song96,artist96
song97,artist97
song98,artist98
song99,artist99
song100,artist100
